{
    "logdir": "./log//training",
    "lr": 0.001,
    "adjust_lr": 0,
    "device": "cuda:0",
    "Nsamples": 16,
    "Ntest": 1000,
    "radius": 1,
    "length": 0.075,
    "units": 32,
    "Nep": 50000,
    "Npde": 256,
    "addBC": 0,
    "standard": 1,
    "geo": "cube",
    "Btype": "reccirc",
    "dx": 0.316,
    "dy": 0.358,
    "dz": 0.358,
    "path": "./log//training\\2024_8_21_11_41_12",
    "radius1": 0.22,
    "radius2": 0.207,
    "a": 0.378,
    "b": 0.272,
    "Iz": 0.5,
    "Ix": 0.1,
    "Iy": 0.1,
    "Lambda": 1.0,
    "data standard": 1,
    "inner sample": 1,
    "N models": 5,
    "train sampling": "uniform",
    "random sample": 1,
    "mean": 4.516986846923828,
    "std": 5.37002420425415,
    "mean_data": 0.0011113360524177551,
    "std_data": 0.025079986080527306
}