{
    "logdir": "./log//training",
    "lr": 0.001,
    "adjust_lr": 0,
    "device": "cpu",
    "Nsamples": 100,
    "Ntest": 1000,
    "radius": 1,
    "length": 0.15,
    "units": 32,
    "Nep": 100001,
    "Npde": 256,
    "addBC": 1,
    "standard": 1,
    "geo": "cube",
    "Btype": "reccirc",
    "dx": 0.358,
    "dy": 0.316,
    "dz": 0.358,
    "path": "./log//training\\2024_10_29_23_38_30",
    "radius1": 0.22,
    "radius2": 0.207,
    "a": 0.272,
    "b": 0.378,
    "Iz": 1.0,
    "Ix": 1.0,
    "Iy": 1.0,
    "Lambda": 1,
    "data standard": 1,
    "inner sample": 0,
    "N models": 1,
    "train sampling": "uniform",
    "random sample": 0,
    "noise data": 0,
    "noise label": 0,
    "mean": 3.556776762008667,
    "std": 1.940475583076477,
    "mean_data": -5.695512663805857e-05,
    "std_data": 0.05562659353017807
}