{
    "model_mode": "coil",
    "mode": "train",
    "eval_path": null,
    "logdir": "./log//training",
    "experiment": "training",
    "device": "cpu",
    "lr": 0.001,
    "adjust_lr": 0,
    "Nsamples": 16,
    "Ntest": 1000,
    "radius": 1,
    "length": 0.3,
    "units": 32,
    "Nep": 50000,
    "Npde": 256,
    "addBC": 1,
    "standard": 1,
    "data_standard": 1,
    "geo": "cube",
    "inner_sample": 0,
    "Btype": "reccirc",
    "dx": 0.316,
    "dy": 0.358,
    "dz": 0.358,
    "radius1": 0.207,
    "radius2": 0.22,
    "a": 0.378,
    "b": 0.272,
    "Iz": 1.0,
    "Ix": 1.0,
    "Iy": 1.0,
    "Lambda": 1,
    "N_models": 1,
    "train_sampling": "uniform",
    "random_sample": 0,
    "noise_data": 0,
    "noise_labels": 0,
    "path": "./log//training\\2025_2_28_15_25_0",
    "mean": [
        3.0125954151153564,
        1.7502998113632202,
        1.9234737157821655
    ],
    "std": [
        1.793713927268982,
        1.8174909353256226,
        2.4367330074310303
    ],
    "mean_data": [
        -0.0006632599979639053,
        0.012486808001995087,
        -0.006507962942123413
    ],
    "std_data": [
        0.11561637371778488,
        0.1114497110247612,
        0.11296161264181137
    ]
}