{
    "logdir": "./log//training",
    "lr": 0.001,
    "adjust_lr": 0,
    "device": "cpu",
    "Nsamples": 16,
    "Ntest": 1000,
    "radius": 1,
    "length": 0.3,
    "units": 32,
    "Nep": 15000,
    "Npde": 256,
    "addBC": 0,
    "standard": 1,
    "geo": "cube",
    "Btype": "reccirc",
    "dx": 0.342,
    "dy": 0.362,
    "dz": 0.342,
    "path": "./log//training\\2024_8_8_10_49_50",
    "radius1": 0.22,
    "radius2": 0.209,
    "a": 0.3,
    "b": 0.362,
    "Iz": 0.5,
    "Ix": 0.1,
    "Iy": 0.1,
    "Lambda": 1.0,
    "data standard": 1,
    "mean": 6.17825174331665,
    "std": 11.502095222473145,
    "mean_data": 0.005931197665631771,
    "std_data": 0.11160321533679962
}