{
    "logdir": "./log//training",
    "lr": 0.001,
    "adjust_lr": 1,
    "device": "cpu",
    "Nep": 20000,
    "Npde": 256,
    "addBC": 1,
    "standard": 1,
    "path": "./log//training\\2024_12_18_11_46_46",
    "Lambda": 10.0,
    "data standard": 1,
    "N models": 1,
    "units": 32,
    "length": 387.5000000000002,
    "mean": [
        -0.8145028352737427,
        -0.26740381121635437,
        0.2667654752731323
    ],
    "std": [
        3.8615400791168213,
        3.367283344268799,
        0.6824818253517151
    ],
    "mean_data": [
        201.2692108154297,
        -50.343589782714844,
        263.6243591308594
    ],
    "std_data": [
        28.680387496948242,
        29.276945114135742,
        28.177228927612305
    ]
}