{
    "model_mode": "coil",
    "mode": "train",
    "eval_path": null,
    "logdir": "./log//training",
    "experiment": "training",
    "device": "cpu",
    "lr": 0.001,
    "adjust_lr": 0,
    "Nsamples": 16,
    "Ntest": 1000,
    "radius": 1,
    "length": 0.3,
    "units": 32,
    "Nep": 50000,
    "Npde": 256,
    "addBC": 1,
    "standard": 1,
    "data_standard": 1,
    "geo": "cube",
    "inner_sample": 0,
    "Btype": "reccirc",
    "dx": 0.316,
    "dy": 0.358,
    "dz": 0.358,
    "radius1": 0.207,
    "radius2": 0.22,
    "a": 0.378,
    "b": 0.272,
    "Iz": 1.0,
    "Ix": 1.0,
    "Iy": 1.0,
    "Lambda": 1,
    "N_models": 1,
    "train_sampling": "uniform",
    "random_sample": 0,
    "noise_data": 0,
    "noise_labels": 0,
    "path": "./log//training\\2025_2_28_15_25_46",
    "mean": [
        2.9464282989501953,
        2.767803192138672,
        1.8933659791946411
    ],
    "std": [
        2.025451898574829,
        2.3123738765716553,
        1.9650899171829224
    ],
    "mean_data": [
        -0.0015349524328485131,
        0.00023079181846696883,
        0.004259419161826372
    ],
    "std_data": [
        0.11501064151525497,
        0.11701485514640808,
        0.11229822784662247
    ]
}