{
    "logdir": "./log//training",
    "lr": 0.001,
    "adjust_lr": 0,
    "device": "cpu",
    "Nep": 100001,
    "Npde": 256,
    "addBC": 1,
    "standard": 1,
    "path": "./log//training\\2025_2_24_16_53_2",
    "Lambda": 1,
    "data standard": 1,
    "N models": 1,
    "units": 32,
    "length": 160.0,
    "mean": [
        -0.45259296894073486,
        0.04286402091383934,
        -1.124450445175171
    ],
    "std": [
        3.3242945671081543,
        2.6226181983947754,
        4.221645355224609
    ],
    "mean_data": [
        0.0,
        0.0,
        0.0
    ],
    "std_data": [
        57.02659606933594,
        57.02659606933594,
        57.02659606933594
    ]
}