{
    "model_mode": "B",
    "mode": "train",
    "eval_path": null,
    "logdir": "./log//training",
    "experiment": "training",
    "device": "cpu",
    "lr": 0.001,
    "adjust_lr": 0,
    "Nsamples": 16,
    "Ntest": 1000,
    "radius": 1,
    "length": 0.3,
    "units": 32,
    "Nep": 100001,
    "Npde": 256,
    "addBC": 1,
    "standard": 1,
    "data_standard": 1,
    "geo": "cube",
    "inner_sample": 0,
    "Btype": "reccirc",
    "dx": 0.316,
    "dy": 0.358,
    "dz": 0.358,
    "radius1": 0.207,
    "radius2": 0.22,
    "a": 0.378,
    "b": 0.272,
    "Iz": 1.0,
    "Ix": 1.0,
    "Iy": 1.0,
    "Lambda": 1,
    "N_models": 1,
    "train_sampling": "uniform",
    "random_sample": 0,
    "noise_data": 0,
    "noise_labels": 0,
    "path": "./log//training\\2025_3_5_12_17_7",
    "mean": [
        2.887378692626953,
        2.250540256500244,
        1.4833426475524902
    ],
    "std": [
        2.0514843463897705,
        2.6805362701416016,
        2.490558624267578
    ],
    "mean_data": [
        -0.0003127021191176027,
        0.0043865651823580265,
        -0.007815978489816189
    ],
    "std_data": [
        0.11392481625080109,
        0.11081408709287643,
        0.10817505419254303
    ]
}