{
    "model_mode": "phi",
    "mode": "train",
    "eval_path": null,
    "logdir": "./log//training",
    "experiment": "training",
    "device": "cpu",
    "lr": 0.001,
    "adjust_lr": 0,
    "Nsamples": 16,
    "Ntest": 1000,
    "radius": 1,
    "length": 0.3,
    "units": 32,
    "Nep": 100001,
    "Npde": 256,
    "addBC": 1,
    "standard": 1,
    "data_standard": 1,
    "geo": "cube",
    "inner_sample": 0,
    "Btype": "reccirc",
    "dx": 0.316,
    "dy": 0.358,
    "dz": 0.358,
    "radius1": 0.207,
    "radius2": 0.22,
    "a": 0.378,
    "b": 0.272,
    "Iz": 1.0,
    "Ix": 1.0,
    "Iy": 1.0,
    "Lambda": 1,
    "N_models": 1,
    "train_sampling": "uniform",
    "random_sample": 0,
    "noise_data": 0,
    "noise_labels": 0,
    "path": "./log//training\\2025_2_28_11_34_2",
    "mean": [
        3.1489365100860596,
        2.6185972690582275,
        1.8139324188232422
    ],
    "std": [
        1.86391019821167,
        2.67858624458313,
        1.705479383468628
    ],
    "mean_data": [
        -0.004210773389786482,
        -0.0019752930384129286,
        -0.003230389440432191
    ],
    "std_data": [
        0.11443109065294266,
        0.11173227429389954,
        0.11248374730348587
    ]
}