{
    "seed": 42,
    "model_mode": "phi",
    "mode": "import",
    "eval_path": "experiment2",
    "logdir": "./log//training",
    "experiment": "training",
    "device": "cpu",
    "lr": 0.001,
    "adjust_lr": 1,
    "Nsamples": 16,
    "Ntest": 1000,
    "radius": 1,
    "length": 160.0,
    "units": 32,
    "Nep": 100001,
    "Npde": 256,
    "addBC": 1,
    "standard": 1,
    "data_standard": 1,
    "geo": "cube",
    "inner_sample": 0,
    "Btype": "Helmholtz",
    "dx": 2,
    "dy": 2,
    "dz": 2,
    "radius1": 1,
    "radius2": 1,
    "a": 9999,
    "b": 9999,
    "Iz": 9999,
    "Ix": 9999,
    "Iy": 9999,
    "Lambda": 1,
    "N_models": 1,
    "train_sampling": "uniform",
    "random_sample": 0,
    "path": "./log//training\\2025_3_25_9_58_10",
    "mean": [
        -0.34485653042793274,
        -0.1350768804550171,
        -1.5129297971725464
    ],
    "std": [
        4.546399116516113,
        3.8635663986206055,
        5.566495895385742
    ],
    "mean_data": [
        0.0,
        1.2244898080825806,
        0.0
    ],
    "std_data": [
        61.861167907714844,
        58.13715362548828,
        61.861167907714844
    ]
}