{
    "logdir": "./log//training",
    "lr": 0.001,
    "adjust_lr": 0,
    "device": "cpu",
    "Nsamples": 16,
    "Ntest": 10000,
    "radius": 1,
    "length": 0.3,
    "units": 32,
    "Nep": 1500,
    "Npde": 256,
    "addBC": 0,
    "standard": 1,
    "geo": "cube",
    "Btype": "reccirc",
    "dx": 0.342,
    "dy": 0.362,
    "dz": 0.342,
    "path": "./log//training\\2024_8_7_21_57_32",
    "radius1": 0.22,
    "radius2": 0.209,
    "a": 0.3,
    "b": 0.362,
    "Iz": 0.5,
    "Ix": 0.1,
    "Iy": 0.1,
    "Lambda": 1.0,
    "data standard": 1,
    "mean": 5.277690887451172,
    "std": 10.89623737335205,
    "mean_data": -0.0017443248070776463,
    "std_data": 0.11231889575719833
}