{
    "logdir": "./log//training",
    "lr": 0.001,
    "adjust_lr": 0,
    "device": "cuda:0",
    "Nsamples": 16,
    "Ntest": 1000,
    "radius": 1,
    "length": 0.2,
    "units": 32,
    "Nep": 50000,
    "Npde": 256,
    "addBC": 0,
    "standard": 1,
    "geo": "cube",
    "Btype": "reccirc",
    "dx": 0.316,
    "dy": 0.358,
    "dz": 0.358,
    "path": "./log//training\\2024_8_19_13_27_47",
    "radius1": 0.22,
    "radius2": 0.207,
    "a": 0.378,
    "b": 0.272,
    "Iz": 0.5,
    "Ix": 0.1,
    "Iy": 0.1,
    "Lambda": 1.0,
    "data standard": 1,
    "inner sample": 1,
    "N models": 1,
    "train sampling": "linspace",
    "mean": 3.8713979721069336,
    "std": 6.183692932128906,
    "mean_data": -4.1392114735749885e-10,
    "std_data": 0.06649837642908096
}