{
    "model_mode": "phi",
    "mode": "train",
    "eval_path": null,
    "logdir": "./log//training",
    "experiment": "training",
    "device": "cpu",
    "lr": 0.001,
    "adjust_lr": 0,
    "Nsamples": 16,
    "Ntest": 1000,
    "radius": 1,
    "length": 0.3,
    "units": 32,
    "Nep": 10000,
    "Npde": 256,
    "addBC": 1,
    "standard": 1,
    "data_standard": 1,
    "geo": "cube",
    "inner_sample": 0,
    "Btype": "reccirc",
    "dx": 0.316,
    "dy": 0.358,
    "dz": 0.358,
    "radius1": 0.207,
    "radius2": 0.22,
    "a": 0.378,
    "b": 0.272,
    "Iz": 1.0,
    "Ix": 1.0,
    "Iy": 1.0,
    "Lambda": 1,
    "N_models": 1,
    "train_sampling": "uniform",
    "random_sample": 0,
    "noise_data": 0,
    "noise_labels": 0,
    "path": "./log//training\\2025_2_28_11_52_17",
    "mean": [
        3.0606143474578857,
        2.5405025482177734,
        1.9559030532836914
    ],
    "std": [
        1.931440830230713,
        2.477515697479248,
        1.9048457145690918
    ],
    "mean_data": [
        -0.007881738245487213,
        -0.003041408257558942,
        -0.0014951558550819755
    ],
    "std_data": [
        0.11260370910167694,
        0.11153171956539154,
        0.11197271943092346
    ]
}