{
    "model_mode": "phi",
    "mode": "train",
    "eval_path": null,
    "logdir": "./log//training",
    "experiment": "training",
    "device": "cpu",
    "lr": 0.001,
    "adjust_lr": 0,
    "Nsamples": 16,
    "Ntest": 1000,
    "radius": 1,
    "length": 0.3,
    "units": 32,
    "Nep": 100001,
    "Npde": 256,
    "addBC": 1,
    "standard": 1,
    "data_standard": 1,
    "geo": "cube",
    "inner_sample": 0,
    "Btype": "reccirc",
    "dx": 0.316,
    "dy": 0.358,
    "dz": 0.358,
    "radius1": 0.207,
    "radius2": 0.22,
    "a": 0.378,
    "b": 0.272,
    "Iz": 1.0,
    "Ix": 1.0,
    "Iy": 1.0,
    "Lambda": 1,
    "N_models": 1,
    "train_sampling": "uniform",
    "random_sample": 0,
    "noise_data": 0,
    "noise_labels": 0,
    "path": "./log//training\\2025_2_28_11_36_59",
    "mean": [
        2.7957992553710938,
        2.5707199573516846,
        2.0077507495880127
    ],
    "std": [
        1.661606788635254,
        2.3520007133483887,
        1.8637646436691284
    ],
    "mean_data": [
        0.004413636866956949,
        -0.009987243451178074,
        0.009245678782463074
    ],
    "std_data": [
        0.11109664291143417,
        0.11320966482162476,
        0.10985367745161057
    ]
}