{
    "logdir": "./log//training",
    "lr": 0.001,
    "adjust_lr": 0,
    "device": "cuda:0",
    "Nsamples": 16,
    "Ntest": 1000,
    "radius": 1,
    "length": 0.3,
    "units": 32,
    "Nep": 30000,
    "Npde": 2000,
    "addBC": 0,
    "standard": 1,
    "geo": "cube",
    "Btype": "reccirc",
    "dx": 0.316,
    "dy": 0.358,
    "dz": 0.358,
    "path": "./log//training\\2024_8_9_18_9_51",
    "radius1": 0.22,
    "radius2": 0.207,
    "a": 0.378,
    "b": 0.272,
    "Iz": 0.5,
    "Ix": 0.1,
    "Iy": 0.1,
    "Lambda": 1.0,
    "data standard": 1,
    "inner sample": 1,
    "mean": 4.341164588928223,
    "std": 8.339644432067871,
    "mean_data": 0.002750399522483349,
    "std_data": 0.09740158915519714
}