{
    "model_mode": "phi",
    "mode": "train",
    "eval_path": null,
    "logdir": "./log//training",
    "experiment": "training",
    "device": "cpu",
    "lr": 0.001,
    "adjust_lr": 0,
    "Nsamples": 16,
    "Ntest": 1000,
    "radius": 1,
    "length": 0.3,
    "units": 32,
    "Nep": 10000,
    "Npde": 256,
    "addBC": 1,
    "standard": 1,
    "data_standard": 1,
    "geo": "cube",
    "inner_sample": 0,
    "Btype": "reccirc",
    "dx": 0.316,
    "dy": 0.358,
    "dz": 0.358,
    "radius1": 0.207,
    "radius2": 0.22,
    "a": 0.378,
    "b": 0.272,
    "Iz": 1.0,
    "Ix": 1.0,
    "Iy": 1.0,
    "Lambda": 1,
    "N_models": 1,
    "train_sampling": "uniform",
    "random_sample": 0,
    "noise_data": 0,
    "noise_labels": 0,
    "path": "./log//training\\2025_2_28_11_57_45",
    "mean": [
        2.750077247619629,
        2.074246883392334,
        1.7728204727172852
    ],
    "std": [
        1.6767799854278564,
        2.533112049102783,
        2.469567060470581
    ],
    "mean_data": [
        0.01608547754585743,
        -0.0038008540868759155,
        0.003374509746208787
    ],
    "std_data": [
        0.11127153784036636,
        0.11253112554550171,
        0.11139379441738129
    ]
}