{
    "model_mode": "phi",
    "mode": "train",
    "eval_path": null,
    "logdir": "./log//training",
    "experiment": "training",
    "device": "cpu",
    "lr": 0.001,
    "adjust_lr": 0,
    "Nsamples": 16,
    "Ntest": 1000,
    "radius": 1,
    "length": 0.3,
    "units": 32,
    "Nep": 100001,
    "Npde": 256,
    "addBC": 1,
    "standard": 1,
    "data_standard": 1,
    "geo": "cube",
    "inner_sample": 0,
    "Btype": "reccirc",
    "dx": 0.316,
    "dy": 0.358,
    "dz": 0.358,
    "radius1": 0.207,
    "radius2": 0.22,
    "a": 0.378,
    "b": 0.272,
    "Iz": 1.0,
    "Ix": 1.0,
    "Iy": 1.0,
    "Lambda": 1,
    "N_models": 1,
    "train_sampling": "uniform",
    "random_sample": 0,
    "noise_data": 0,
    "noise_labels": 0,
    "path": "./log//training\\2025_2_27_23_50_45",
    "mean": [
        2.978687047958374,
        2.5390377044677734,
        2.198120355606079
    ],
    "std": [
        1.8384641408920288,
        2.2699923515319824,
        2.2660956382751465
    ],
    "mean_data": [
        0.0005012123729102314,
        -0.00919747818261385,
        -0.0002505543234292418
    ],
    "std_data": [
        0.1108497828245163,
        0.11121910810470581,
        0.11551829427480698
    ]
}