{
    "model_mode": "phi",
    "mode": "train",
    "eval_path": null,
    "logdir": "./log//training",
    "experiment": "training",
    "device": "cpu",
    "lr": 0.001,
    "adjust_lr": 0,
    "Nsamples": 16,
    "Ntest": 1000,
    "radius": 1,
    "length": 0.3,
    "units": 32,
    "Nep": 50000,
    "Npde": 256,
    "addBC": 1,
    "standard": 1,
    "data_standard": 1,
    "geo": "cube",
    "inner_sample": 0,
    "Btype": "reccirc",
    "dx": 0.316,
    "dy": 0.358,
    "dz": 0.358,
    "radius1": 0.207,
    "radius2": 0.22,
    "a": 0.378,
    "b": 0.272,
    "Iz": 1.0,
    "Ix": 1.0,
    "Iy": 1.0,
    "Lambda": 0.1,
    "N_models": 1,
    "train_sampling": "uniform",
    "random_sample": 0,
    "noise_data": 0,
    "noise_labels": 0,
    "path": "./log//training\\2025_2_28_12_14_38",
    "mean": [
        2.8900976181030273,
        2.272111177444458,
        1.856817603111267
    ],
    "std": [
        1.8923993110656738,
        2.084601402282715,
        1.646048903465271
    ],
    "mean_data": [
        0.0036045555025339127,
        0.0038377426099032164,
        -0.005056268069893122
    ],
    "std_data": [
        0.11143574863672256,
        0.11074478924274445,
        0.11079679429531097
    ]
}