{
    "logdir": "./log//training",
    "lr": 0.001,
    "adjust_lr": 0,
    "device": "cuda:0",
    "Nsamples": 16,
    "Ntest": 1000,
    "radius": 1,
    "length": 0.075,
    "units": 32,
    "Nep": 30000,
    "Npde": 256,
    "addBC": 0,
    "standard": 1,
    "geo": "cube",
    "Btype": "reccirc",
    "dx": 0.316,
    "dy": 0.358,
    "dz": 0.358,
    "path": "./log//training\\2024_8_9_17_30_5",
    "radius1": 0.22,
    "radius2": 0.207,
    "a": 0.378,
    "b": 0.272,
    "Iz": 0.5,
    "Ix": 0.1,
    "Iy": 0.1,
    "Lambda": 1.0,
    "data standard": 1,
    "mean": 4.479995250701904,
    "std": 5.402238845825195,
    "mean_data": 0.00038374197902157903,
    "std_data": 0.027780381962656975
}