{
    "logdir": "./log//training",
    "lr": 0.001,
    "adjust_lr": 1,
    "device": "cpu",
    "Nep": 20000,
    "Npde": 256,
    "addBC": 1,
    "standard": 1,
    "path": "./log//training\\2024_12_18_10_13_6",
    "Lambda": 1.0,
    "data standard": 1,
    "N models": 1,
    "units": 32,
    "length": 387.5000000000002,
    "mean": -0.2381022721529007,
    "std": 2.878770589828491,
    "mean_data": 137.3076934814453,
    "std_data": 140.12081909179688
}