{
    "model_mode": "phi",
    "mode": "train",
    "eval_path": null,
    "logdir": "./log//training",
    "experiment": "training",
    "device": "cpu",
    "lr": 0.001,
    "adjust_lr": 0,
    "Nsamples": 16,
    "Ntest": 1000,
    "radius": 1,
    "length": 0.3,
    "units": 32,
    "Nep": 100001,
    "Npde": 256,
    "addBC": 1,
    "standard": 1,
    "data_standard": 1,
    "geo": "cube",
    "inner_sample": 0,
    "Btype": "reccirc",
    "dx": 0.316,
    "dy": 0.358,
    "dz": 0.358,
    "radius1": 0.207,
    "radius2": 0.22,
    "a": 0.378,
    "b": 0.272,
    "Iz": 1.0,
    "Ix": 1.0,
    "Iy": 1.0,
    "Lambda": 1,
    "N_models": 1,
    "train_sampling": "uniform",
    "random_sample": 0,
    "noise_data": 0,
    "noise_labels": 0,
    "path": "./log//training\\2025_2_27_23_22_29",
    "mean": [
        2.9503352642059326,
        2.264592170715332,
        2.1119961738586426
    ],
    "std": [
        1.8923656940460205,
        2.02130389213562,
        1.9132267236709595
    ],
    "mean_data": [
        0.011275440454483032,
        -0.010367698036134243,
        -0.002484942087903619
    ],
    "std_data": [
        0.11092878878116608,
        0.11092627793550491,
        0.11247891932725906
    ]
}