{
    "logdir": "./log//training",
    "lr": 0.001,
    "adjust_lr": 1,
    "device": "cpu",
    "Nep": 10000,
    "Npde": 256,
    "addBC": 1,
    "standard": 1,
    "path": "./log//training\\2024_11_27_12_11_53",
    "Lambda": 0.0,
    "data standard": 1,
    "N models": 1,
    "units": 32,
    "length": 387.4999999999995,
    "mean": -0.4142022430896759,
    "std": 3.1312975883483887,
    "mean_data": 136.6742401123047,
    "std_data": 134.9673614501953
}