{
    "logdir": "./log//training",
    "lr": 0.001,
    "adjust_lr": 0,
    "device": "cpu",
    "Nsamples": 16,
    "Ntest": 1000,
    "radius": 1,
    "length": 0.25,
    "units": 32,
    "Nep": 100001,
    "Npde": 256,
    "addBC": 0,
    "standard": 1,
    "geo": "cube",
    "Btype": "reccirc",
    "dx": 0.316,
    "dy": 0.358,
    "dz": 0.358,
    "path": "./log//training\\2024_9_17_17_29_40",
    "radius1": 0.207,
    "radius2": 0.22,
    "a": 0.378,
    "b": 0.272,
    "Iz": 10.0,
    "Ix": 10.0,
    "Iy": 10.0,
    "Lambda": 1,
    "data standard": 1,
    "inner sample": 0,
    "N models": 1,
    "train sampling": "uniform",
    "random sample": 0,
    "noise data": 0,
    "noise label": 0,
    "mean": 124.81764221191406,
    "std": 124.18860626220703,
    "mean_data": -0.0009701981325633824,
    "std_data": 0.09233248978853226
}