{
    "model_mode": "phi",
    "mode": "train",
    "eval_path": null,
    "logdir": "./log//training",
    "experiment": "training",
    "device": "cpu",
    "lr": 0.001,
    "adjust_lr": 0,
    "Nsamples": 16,
    "Ntest": 1000,
    "radius": 1,
    "length": 0.3,
    "units": 32,
    "Nep": 100001,
    "Npde": 256,
    "addBC": 1,
    "standard": 1,
    "data_standard": 1,
    "geo": "cube",
    "inner_sample": 0,
    "Btype": "reccirc",
    "dx": 0.316,
    "dy": 0.358,
    "dz": 0.358,
    "radius1": 0.207,
    "radius2": 0.22,
    "a": 0.378,
    "b": 0.272,
    "Iz": 1.0,
    "Ix": 1.0,
    "Iy": 1.0,
    "Lambda": 1,
    "N_models": 1,
    "train_sampling": "uniform",
    "random_sample": 0,
    "noise_data": 0,
    "noise_labels": 0,
    "path": "./log//training\\2025_2_28_11_34_36",
    "mean": [
        3.0151360034942627,
        2.0326168537139893,
        2.0192599296569824
    ],
    "std": [
        1.669252634048462,
        1.7950665950775146,
        2.1424989700317383
    ],
    "mean_data": [
        0.0009035344119183719,
        0.0049932412803173065,
        0.010854776948690414
    ],
    "std_data": [
        0.11170598119497299,
        0.10846718400716782,
        0.11484118551015854
    ]
}