{
    "logdir": "./log//training",
    "lr": 0.001,
    "adjust_lr": 0,
    "device": "cuda:0",
    "Nsamples": 64,
    "Ntest": 1000,
    "radius": 1,
    "length": 0.25,
    "units": 32,
    "Nep": 100001,
    "Npde": 256,
    "addBC": 1,
    "standard": 1,
    "geo": "cube",
    "Btype": "reccirc",
    "dx": 0.316,
    "dy": 0.358,
    "dz": 0.358,
    "path": "./log//training\\2024_9_25_11_18_1",
    "radius1": 0.207,
    "radius2": 0.22,
    "a": 0.378,
    "b": 0.272,
    "Iz": 10.0,
    "Ix": 10.0,
    "Iy": 10.0,
    "Lambda": 1,
    "data standard": 1,
    "inner sample": 0,
    "N models": 1,
    "train sampling": "uniform",
    "random sample": 0,
    "noise data": 0,
    "noise label": 0,
    "mean": 132.43319702148438,
    "std": 123.38510131835938,
    "mean_data": 0.0010056602768599987,
    "std_data": 0.09332530200481415
}