{
    "model_mode": "phi",
    "mode": "train",
    "eval_path": null,
    "logdir": "./log//training",
    "experiment": "training",
    "device": "cpu",
    "lr": 0.001,
    "adjust_lr": 0,
    "Nsamples": 16,
    "Ntest": 1000,
    "radius": 1,
    "length": 0.3,
    "units": 32,
    "Nep": 50000,
    "Npde": 256,
    "addBC": 1,
    "standard": 1,
    "data_standard": 1,
    "geo": "cube",
    "inner_sample": 0,
    "Btype": "reccirc",
    "dx": 0.316,
    "dy": 0.358,
    "dz": 0.358,
    "radius1": 0.207,
    "radius2": 0.22,
    "a": 0.378,
    "b": 0.272,
    "Iz": 1.0,
    "Ix": 1.0,
    "Iy": 1.0,
    "Lambda": 10.0,
    "N_models": 1,
    "train_sampling": "uniform",
    "random_sample": 0,
    "noise_data": 0,
    "noise_labels": 0,
    "path": "./log//training\\2025_2_28_12_16_28",
    "mean": [
        2.9326841831207275,
        2.3720524311065674,
        2.1837615966796875
    ],
    "std": [
        1.5281084775924683,
        2.3637614250183105,
        2.2243714332580566
    ],
    "mean_data": [
        -0.0008155973628163338,
        0.0012675117468461394,
        0.0008230665698647499
    ],
    "std_data": [
        0.11014352738857269,
        0.1085040420293808,
        0.11472011357545853
    ]
}