{
    "model_mode": "coil",
    "mode": "train",
    "eval_path": null,
    "logdir": "./log//training",
    "experiment": "training",
    "device": "cpu",
    "lr": 0.001,
    "adjust_lr": 0,
    "Nsamples": 32,
    "Ntest": 1000,
    "radius": 1,
    "length": 0.3,
    "units": 32,
    "Nep": 10000,
    "Npde": 256,
    "addBC": 1,
    "standard": 1,
    "data_standard": 1,
    "geo": "cube",
    "inner_sample": 0,
    "Btype": "reccirc",
    "dx": 0.316,
    "dy": 0.358,
    "dz": 0.358,
    "radius1": 0.207,
    "radius2": 0.22,
    "a": 0.378,
    "b": 0.272,
    "Iz": 1.0,
    "Ix": 1.0,
    "Iy": 1.0,
    "Lambda": 1,
    "N_models": 1,
    "train_sampling": "uniform",
    "random_sample": 0,
    "noise_data": 0,
    "noise_labels": 0,
    "path": "./log//training\\2025_2_28_16_13_25",
    "mean": [
        2.9335575103759766,
        2.2692387104034424,
        1.8437833786010742
    ],
    "std": [
        2.1912992000579834,
        2.171935558319092,
        1.861546516418457
    ],
    "mean_data": [
        0.007503980305045843,
        0.005500804167240858,
        0.005094895604997873
    ],
    "std_data": [
        0.10855427384376526,
        0.11235430091619492,
        0.11191511154174805
    ]
}